<?xml version="1.0" encoding="UTF-8" ?>
<!DOCTYPE mapper PUBLIC "-//mybatis.org//DTD Mapper 3.0//EN" "http://mybatis.org/dtd/mybatis-3-mapper.dtd">
<mapper namespace="kr.or.pause.guest.dao.GuestDao">

<select id="getSearchCard" resultType="kr.or.pause.dto.SearchCard">
select hr.name , hr.capacity, hr.file1, hr.cost , hr.no , vdp.cnt, vdp.TOTAL_AVG
			from host_room hr join V_DETAIL_PAGE vdp on hr.no = vdp.no
			where 1 = 1
			and hr.status = 9
			AND hr.addr LIKE '%${addr}%' AND hr.CAPACITY >= '${capacity}'
			AND hr.NO NOT IN (SELECT NO
							FROM (SELECT * 
			 						FROM BOOKING 
									 WHERE 1 = 1
									 and status in (1,2,8)
									 AND (TO_DATE('${check_in}','YYYY-MM-DD') BETWEEN CHECK_IN AND CHECK_OUT
									 or TO_DATE('${check_out}','YYYY-MM-DD') BETWEEN CHECK_IN AND CHECK_OUT))
							)
</select>

<select id = "getSearchCardByFilter" resultType = "kr.or.pause.dto.SearchCard">
	
		SELECT hr.name , hr.capacity, hr.file1, hr.cost , hr.no , vdp.cnt, vdp.TOTAL_AVG,vdp.count_bed
		FROM HOST_ROOM hr join V_DETAIL_PAGE vdp on hr.no = vdp.no
		WHERE hr.addr LIKE '%${addr}%' AND hr.capacity >= '${capacity}' AND hr.cost BETWEEN '${min}' AND '${max}' AND hr.status = 9
				AND hr.NO NOT IN (SELECT NO 
								FROM OPTION_AMENITY oa
								WHERE 	KITCHEN = '${kitchen}' 
									AND LAUNDRY = '${laundry}'
									<![CDATA[ AND COUNT_BED >= '${count_bed}']]>
									AND WIFI = '${wifi}' 
									AND AIRCONDITIONER = '${airconditioner}'
									AND FREE_PARKING = '${free_parking}'
									AND BBQ_GRILL = '${bbq_grill}'
									AND SHOWER_SUPPLIES = '${shower_supplies}'
									AND COOKING_ITEM = '${cooking_item}'
									AND tv = '${tv}'
									AND OTT = '${ott}'
									AND AVAILABLE_SMOKING = '${available_smoking}'
									AND AVAILABLE_PET = '${available_pet}'
				)
		    AND hr.NO NOT IN (SELECT NO
						   FROM (SELECT * 
								 FROM BOOKING 
								 WHERE 1 = 1
								 and status in (1,2,8)
								 AND TO_DATE('${check_in}','YYYY-MM-DD') BETWEEN CHECK_IN AND CHECK_OUT
								 or TO_DATE('${check_out}','YYYY-MM-DD') BETWEEN CHECK_IN AND CHECK_OUT)
							)
</select>

<select id = "getDetailPage" resultType = "kr.or.pause.dto.DetailPage">
	SELECT *
	FROM V_DETAIL_PAGE
	WHERE NO = #{no}
</select>

<select id = "getSearchCardAjax" resultType = "kr.or.pause.dto.SearchCard">
select hr.name , hr.capacity, hr.file1, hr.cost , hr.no , vdp.cnt, vdp.TOTAL_AVG,vdp.count_bed
			from host_room hr join V_DETAIL_PAGE vdp on hr.no = vdp.no
			where 1 = 1
			and hr.status = 9
			AND hr.addr LIKE '%${addr}%' AND hr.CAPACITY >= '${capacity}'
			AND hr.NO NOT IN (SELECT NO
							FROM (SELECT * 
			 						FROM BOOKING 
									 WHERE 1 = 1
									 and status in (1,2,8)
									 AND (TO_DATE('${check_in}','YYYY-MM-DD') BETWEEN CHECK_IN AND CHECK_OUT
									 or TO_DATE('${check_out}','YYYY-MM-DD') BETWEEN CHECK_IN AND CHECK_OUT))
							)
</select>

<insert id="insertBooking" parameterType="kr.or.pause.dto.BookingInsert">
	INSERT INTO BOOKING(BOOKING_NO, CHECK_IN, CHECK_OUT, RESERVATION_CAPACITY, TAGNUMBER, NO, PAY, STATUS, RESERVATION_REQ_DATE)
	values(booking_no_SEQ.nextval,to_date('${check_in}','YYYY-MM-DD'),to_date('${check_out}','YYYY-MM-DD'),'${reservation_capacity}','${tagnumber}','${no}','${pay}',1,sysdate)
</insert>

<select id="getWatingReservationCard" resultType="kr.or.pause.dto.ReservationCard">
	SELECT booking_no, check_in, check_out, reservation_capacity,status,reservation_req_date,file1
	FROM v_reservation
	WHERE tagnumber = '${tagnumber}' and status = 1
</select>

<select id="getConfirmReservationCard" resultType="kr.or.pause.dto.ReservationCard">
	SELECT booking_no, check_in, check_out, reservation_capacity,status,reservation_req_date,file1
	FROM v_reservation
	WHERE tagnumber = '${tagnumber}' and status = 2
</select>

<select id="getCompleteReservationCard" resultType="kr.or.pause.dto.ReservationCard">
	SELECT booking_no, check_in, check_out, reservation_capacity,status,reservation_req_date,file1
	FROM v_reservation
	WHERE tagnumber = '${tagnumber}' and status = 5
</select>

<update id="editMemberName">
	UPDATE MEMBER SET name = #{param2}
	WHERE TAGNUMBER = #{param1}
</update>

<update id="editMemberProfile_img">
	UPDATE MEMBER SET profile_img = #{param2}
	WHERE TAGNUMBER = #{param1}
</update>

<update id="editMemberPassword">
	UPDATE MEMBER SET password = #{param2}
	WHERE TAGNUMBER = #{param1}
</update>

<update id="editMemberPhone">
	UPDATE MEMBER SET phone_number = #{param2}
	WHERE TAGNUMBER = #{param1}
</update>

<update id="editMemberEmail">
	UPDATE MEMBER SET email = #{param2}
	WHERE TAGNUMBER = #{param1}
</update>

<select id="getMemberInfo" resultType = "hashmap">
	SELECT phone_number, NAME, EMAIL, PASSWORD, nvl(PROFILE_IMG,'empty') IMG FROM MEMBER WHERE TAGNUMBER = #{tagnumber}
</select>

<select id="getTagnumber" resultType="int">
	SELECT TAGNUMBER 
	FROM MEMBER
	WHERE PHONE_NUMBER = #{phone_number}
</select>

<select id="getCusReview" resultType="kr.or.pause.dto.DetailCusReview">
	SELECT CONTENT, WRITE_DATE, AVG, PROFILE_IMG, NAME
	FROM V_ROOM_REVIEW 
	WHERE NO = #{no}
	ORDER BY write_date desc
</select>
<select id="getReservationData" resultType="hashmap">
	SELECT * FROM V_RESERVATION_PAGE vrp WHERE NO = #{no}
</select>
</mapper>