<?xml version="1.0" encoding="UTF-8"?>
<beans xmlns="http://www.springframework.org/schema/beans"
	xmlns:xsi="http://www.w3.org/2001/XMLSchema-instance"
	xmlns:security="http://www.springframework.org/schema/security"
	xsi:schemaLocation="http://www.springframework.org/schema/beans 
                                     http://www.springframework.org/schema/beans/spring-beans.xsd
                                    http://www.springframework.org/schema/security 
                                    http://www.springframework.org/schema/security/spring-security.xsd">



	<security:http auto-config="true" use-expressions="true">
		<security:csrf disabled="true" />

		<security:form-login default-target-url="/main.do"
			login-page="/login.do" authentication-failure-url="/failure.do"
			username-parameter="phone_number" password-parameter="password" />

		<security:logout logout-success-url="/main.do" />
		
		<security:session-management invalid-session-url="/login.do"> <!-- 세션이 끊어졌을때 이동 할 페이지 -->
			<security:concurrency-control max-sessions="1" expired-url="/login.do"/> <!-- 최대 허용 가능 중복 세션 / 중복 로그인이 일어났을때 이동하는 페이지 -->
		</security:session-management>
		
		<security:intercept-url pattern="/reservation.do" access="hasAnyRole('ROLE_USER','ROLE_HOST')" />
	</security:http>
	
	
	
	<security:authentication-manager>
		<security:authentication-provider>
			<security:jdbc-user-service
				data-source-ref="driverManagerDataSource"
				users-by-username-query="select phone_number , password , 1 enabled from member where phone_number =?"

				authorities-by-username-query="select m.phone_number , ur.role_name as authority from member m join user_role ur on m.phone_number = ur.phone_number
														where m.phone_number = ?" />
			<security:password-encoder
				ref="bCryptPasswordEncoder" />

		</security:authentication-provider>
	</security:authentication-manager>


</beans>