<?xml version="1.0" encoding="UTF-8"?>
<beans:beans xmlns="http://www.springframework.org/schema/mvc"
	xmlns:xsi="http://www.w3.org/2001/XMLSchema-instance"
	xmlns:beans="http://www.springframework.org/schema/beans"
	xmlns:context="http://www.springframework.org/schema/context"
	xmlns:mvc="http://www.springframework.org/schema/mvc"
	xmlns:aop="http://www.springframework.org/schema/aop"
	xmlns:websocket="http://www.springframework.org/schema/websocket"
	xsi:schemaLocation="http://www.springframework.org/schema/mvc
						https://www.springframework.org/schema/mvc/spring-mvc-4.3.xsd
						http://www.springframework.org/schema/beans
						https://www.springframework.org/schema/beans/spring-beans.xsd
						http://www.springframework.org/schema/context
						https://www.springframework.org/schema/context/spring-context.xsd
						http://www.springframework.org/schema/aop
						http://www.springframework.org/schema/aop/spring-aop.xsd
						http://www.springframework.org/schema/websocket
       					http://www.springframework.org/schema/websocket/spring-websocket.xsd">

	<!-- DispatcherServlet Context: defines this servlet's request-processing infrastructure -->
	
	<!-- Enables the Spring MVC @Controller programming model -->
	<mvc:annotation-driven />
	<context:component-scan base-package="kr.or.bit" />
	<context:component-scan base-package="kr.or.pause.login.controller"/>
	<context:component-scan base-package="kr.or.pause.login"/>
	<context:component-scan base-package="kr.or.pause.login.service"/>
	<context:component-scan base-package="kr.or.pause.dto"/>
	<context:component-scan base-package="kr.or.pause.login.mapper"/>
	
	<context:component-scan base-package="kr.or.pause.host.controller" />
	<context:component-scan base-package="kr.or.pause.host.dao"/>
	<context:component-scan base-package="kr.or.pause.host.service"/>
	
	<context:component-scan base-package="kr.or.pause.guest.controller" />
    <context:component-scan base-package="kr.or.pause.guest.service" />
    
    <context:component-scan base-package="kr.or.pause.booking.controller" />
    <context:component-scan base-package="kr.or.pause.booking.service" />
    <context:component-scan base-package="kr.or.pause.booking.dao" />
    <context:component-scan base-package="kr.or.pause.booking.mapper" />
	
	
	<!-- Handles HTTP GET requests for /resources/** by efficiently serving up static resources in the ${webappRoot}/resources directory -->
 	<resources mapping="/resources/**" location="/resources/" />

	<!-- Resolves views selected for rendering by @Controllers to .jsp resources in the /WEB-INF/views directory -->
	<beans:bean class="org.springframework.web.servlet.view.InternalResourceViewResolver">
		<beans:property name="prefix" value="/WEB-INF/views/" />
		<beans:property name="suffix" value=".jsp" />
	</beans:bean>
	
	<aop:aspectj-autoproxy />
	
	<beans:bean id="chatHandler" class="kr.or.pause.websocket.WebSocketHandler" />
	
	<websocket:handlers>
		<websocket:mapping handler="chatHandler" path="/chat-ws" />
	</websocket:handlers>
	
	<default-servlet-handler />
	
	
</beans:beans>
