<?xml version="1.0" encoding="UTF-8"?>
<!DOCTYPE mapper
  PUBLIC "-//mybatis.org//DTD Mapper 3.0//EN"
  "http://mybatis.org/dtd/mybatis-3-mapper.dtd">
<mapper namespace="kr.or.pause.host.dao.HostDao" >
	<!-- 예약 내역 ( 승인 / 거절 ) -->
<select id="hostbookinglist" resultType="kr.or.pause.dto.HostBookingPage" parameterType="integer">

	SELECT * FROM  v_host_booking_page WHERE HOST_NUMBER = #{param1} AND STATUS = #{param2}

</select>

	<select id="selectHost" resultType="kr.or.pause.dto.Host">
		SELECT 	HOST_NO, TAGNUMBER, AUTH_IDENTIFICATION, INCOME
		FROM 	HOST
		WHERE	HOST_NO = 	(	SELECT 	MAX(HOST_NO) 
								FROM 	HOST 
								WHERE 	TAGNUMBER = #{tagnumber}
							)
	</select>
	
	<select id="selectHostRoom" resultType="kr.or.pause.dto.HostRoom">
		SELECT 	NO
		FROM 	HOST_ROOM
		WHERE	NO = 	(	SELECT 	MAX(NO) 
								FROM 	HOST_ROOM
								WHERE 	HOST_NO = #{host_no}
							)
	</select>
	
	<update id="updateOptionAmenity">
		UPDATE	OPTION_AMENITY
		
		SET 	KITCHEN = #{kitchen},
				LAUNDRY = #{laundry},
				WIFI = #{wifi},
				AIRCONDITIONER = #{airconditioner},
				FREE_PARKING = #{free_parking},
				BBQ_GRILL = #{bbq_grill},
				SHOWER_SUPPLIES = #{shower_supplies},
				COOKING_ITEM = #{cooking_item},
				TV = #{tv},
				OTT = #{ott},
				AVAILABLE_SMOKING = #{available_smoking},
				AVAILABLE_PET = #{available_pet}
				
		WHERE	NO = #{no}
	</update>
	
	<select id="selectSavedHostRoom" resultType="kr.or.pause.dto.HostRoom">
	
		SELECT 	h.*
		FROM 	HOST_ROOM h
		JOIN    OPTION_AMENITY o
		ON      h.no = o.no (+)
		WHERE	h.NO = 	(	SELECT 	MAX(NO) 
		                    FROM 	HOST_ROOM
							WHERE 	HOST_NO = #{host_no}
		                )
		AND     STATUS NOT IN('9')
	
	</select>
	
	
	<update id="updateFile">
	
		UPDATE  HOST_ROOM 
		SET     FILE1 = #{map.file1},
				FILE2 = #{map.file2},
				FILE3 = #{map.file3},
				FILE4 = #{map.file4},
				FILE5 = #{map.file5},
				STATUS = '5'
		WHERE   NO = #{hostRoom.no}
	
	</update>
	
	<update id="updateFile2">
	
		UPDATE  HOST_ROOM 
		SET     file1 = case when #{map.file1} = 'null' then to_char((select file1 from host_room where no = #{hostRoom.no})) else #{map.file1} end,
		        file2 = case when #{map.file2} = 'null' then to_char((select file2 from host_room where no = #{hostRoom.no})) else #{map.file2} end,
		        file3 = case when #{map.file3} = 'null' then to_char((select file3 from host_room where no = #{hostRoom.no})) else #{map.file3} end,
		        file4 = case when #{map.file4} = 'null' then to_char((select file4 from host_room where no = #{hostRoom.no})) else #{map.file4} end,
		        file5 = case when #{map.file5} = 'null' then to_char((select file5 from host_room where no = #{hostRoom.no})) else #{map.file5} end
		WHERE   NO = #{hostRoom.no}
	
	</update>
	
	
	<!-- 숙소이름 가져오기 -->
	<select id="selectroomname" resultType="kr.or.pause.dto.HostRoom">
		select  hr.*, TO_CHAR(CHECK_IN, 'HH24:MI') as checkIn, TO_CHAR(CHECK_OUT, 'HH24:MI') as checkOut,
				oa.*
				
		from host_room hr
		join OPTION_AMENITY oa
		on hr.no = oa.no (+)
		
		where hr.NO = ${no}
		
	</select>
	
	<select id="name" resultType="kr.or.pause.dto.HostRoom">
	
		SELECT 	NAME
		FROM 	HOST_ROOM h
		WHERE	h.NAME
	</select>
	
	<select id="selectListHostRoom" resultType="kr.or.pause.dto.HostRoom">
	
		select  *
		from   (
		        select      rownum rn, r.*
		        from       (
		                    SELECT      hr.*, TO_CHAR(CHECK_IN, 'HH24:MI') as checkIn, TO_CHAR(CHECK_OUT, 'HH24:MI') as checkOut
		                    FROM        HOST_ROOM hr 
		                    WHERE       HOST_NO = #{host.host_no}
		                    and 		status = '9'
		                    ORDER by    hr.NO
		                    ) r
		        ) a
		where   1 = 1
		
		
		and 	rn between #{start} and #{end}
		
	</select>
	
	<update id="updateHostRoomDynamic" parameterType="kr.or.pause.dto.HostRoom">
		UPDATE HOST_ROOM SET
		
		<choose>
		
			<when test="name != null">
				name = #{name}
			</when>
			
			<when test="info != null">
				info = #{info}	
			</when>
			
			<when test="capacity != 0">
				capacity = #{capacity}
			</when>
			
			<when test="check_in != null">
				check_in = #{check_in}
			</when>
			
			<when test="check_out != null">
				check_out = #{check_out}
			</when>
			
			<when test="status != null">
				status = #{status}
			</when>
		
		</choose>
		
		WHERE no = #{no}
		
	</update>
	
	<select id="getMessageNav" resultType="hashmap">
		select *
		from (select  
				        to_char(c.from_user) as from_user_tagnumber,
				        to_char(m1.phone_number) as from_user_phone_number,
				        to_char(m1.NAME) as from_user_NAME,
				        to_char(m1.PROFILE_IMG) as from_user_PROFILE_IMG,
				        
				        to_char(c.to_user) as to_user_tagnumber,
				        to_char(m2.phone_number) as to_user_phone_number,
				        to_char(m2.NAME)  as to_user_NAME,
				        to_char(m2.PROFILE_IMG) as to_user_PROFILE_IMG,
				        to_char(bk.booking_no) as booking_no,
				        to_char(check_in, 'MM"월" DD"일"') as nav_check_in,
				        
				        to_char(check_out, 'MM"월" DD"일"') as nav_check_out,
				        to_char(c.last_time) as last_time,
				        to_char(c.m_check) as m_check,
		                to_char(nvl(c.depart_check, 0)) as depart_check
				
				from    (select c1.*, c2.depart_check, last_time
		                from (select  to_user, from_user, booking_no,
		                        
		                        to_char((select nvl(count(*), 0) from chat where to_user = #{guest_tagnumber} and m_check = 0)) as m_check
		                        from  chat
		                        where   from_user = #{guest_tagnumber}
		                        group by booking_no, to_user, from_user) c1
		                join ( select booking_no, count(*) as depart_check from chat where to_user = #{guest_tagnumber} and m_check = 0 group by booking_no) c2
		                on c1.booking_no = c2.booking_no(+)
                        join (select booking_no, to_char(max(chat.write_date), 'YYYY-MM-DD HH24:MI:SS') as last_time from chat where to_user = #{guest_tagnumber} or from_user = #{guest_tagnumber} group by booking_no) c3
                        on c1.booking_no = c3.booking_no) c
				join    booking bk
				on      bk.booking_no = c.booking_no
				join    member m1
				on      m1.tagnumber = c.from_user
				join    member m2
				on      m2.tagnumber = c.to_user
				
				union
				
				select  
				        to_char(c.to_user) as from_user_tagnumber,
				        to_char(m2.phone_number) as from_user_phone_number,
				        to_char(m2.NAME) as from_user_NAME,
				        to_char(m2.PROFILE_IMG) as from_user_PROFILE_IMG,
				        
				        to_char(c.from_user) as to_user_tagnumber,
				        to_char(m1.phone_number) as to_user_phone_number,
				        to_char(m1.NAME)  as to_user_NAME,
				        to_char(m1.PROFILE_IMG) as to_user_PROFILE_IMG,
				        to_char(bk.booking_no) as booking_no,
				        to_char(check_in, 'MM"월" DD"일"') as nav_check_in,
				        
				        to_char(check_out, 'MM"월" DD"일"') as nav_check_out,
				        to_char(c.last_time) as last_time,
				        to_char(c.m_check) as m_check,
		                to_char(nvl(c.depart_check, 0)) as depart_check
				
				from    (select c1.*, c2.depart_check, last_time
		                from (select  to_user, from_user, booking_no,
		                        
		                        to_char((select nvl(count(*), 0) from chat where to_user = #{guest_tagnumber} and m_check = 0)) as m_check
		                        from  chat
		                        where   to_user = #{guest_tagnumber}
		                        group by booking_no, to_user, from_user) c1
		                join ( select booking_no, count(*) as depart_check from chat where to_user = #{guest_tagnumber} and m_check = 0 group by booking_no) c2
		                on c1.booking_no = c2.booking_no(+)
                        join (select booking_no, to_char(max(chat.write_date), 'YYYY-MM-DD HH24:MI:SS') as last_time from chat where to_user = #{guest_tagnumber} or from_user = #{guest_tagnumber} group by booking_no) c3
                        on c1.booking_no = c3.booking_no) c
				join    booking bk
				on      bk.booking_no = c.booking_no
				join    member m1
				on      m1.tagnumber = c.from_user
				join    member m2
				on      m2.tagnumber = c.to_user
				
				order by last_time desc)
		where   to_user_tagnumber not in (#{guest_tagnumber})
	
	</select>
	
</mapper>