<?xml version="1.0" encoding="UTF-8"?>
<!DOCTYPE mapper
	PUBLIC "-//mybatis.org//DTD Mapper 3.0//EN"
	"http://mybatis.org/dtd/mybatis-3-mapper.dtd">

<mapper namespace = "kr.or.pause.login.JoinDao">


<!-- 자체 회원 가입  -->
<insert id="insert" parameterType="kr.or.pause.dto.PauseMember">
	 <selectKey keyProperty="tagnumber" resultType="int" order="BEFORE">
		SELECT M_TAGNUMBER.nextval FROM DUAL
	</selectKey> 

	INSERT INTO MEMBER (TAGNUMBER , PHONE_NUMBER , EMAIL , NAME , PASSWORD , COUPON ,ENABLED,TYPE_NO)
	VALUES('${tagnumber}' , '${phone_number}' , '${email}' , '${name}', '${password}', 1, 1 ,1)

</insert>

<!-- 중복된 휴대폰 번호 방지-->
<select id="phoneCheck" resultType="int">

	SELECT COUNT(*) FROM MEMBER WHERE PHONE_NUMBER = #{phone_number}

</select>

<!-- 회원 정보 불러 오기 -->
<select id="getPauseMember" resultType="kr.or.pause.dto.PauseMember">

	SELECT TAGNUMBER , PHONE_NUMBER , EMAIL , NAME , PASSWORD , PROFILE_IMG FROM MEMBER WHERE PHONE_NUMBER = #{phone_number}


</select>


<update id="updateName">

	UPDATE MEMBER
	
	SET PROFILE_IMG = #{profile_img , jdbcType = VARCHAR} , PHONE_NUMBER = #{phone_number} , EMAIL = #{email} , NAME = #{name} , PASSWORD = #{password} 
	
	WHERE PHONE_NUMBER = #{phone_number}

</update>

<!-- 회원 프로필 사진 변경-->
<update id="updateImage">

	UPDATE MEMBER 
	
	SET PROFILE_IMG = #{profile_img , jdbcType = VARCHAR}
	
	WHERE PHONE_NUMBER = #{phone_number , jdbcType = VARCHAR}
	

</update>


	

<!-- 회원 예약 내역  -->


<select id="bookinglist" resultType="kr.or.pause.dto.BookingView" parameterType="integer">

	SELECT * FROM M_bookinglist WHERE TAGNUMBER = #{param1} AND STATUS = #{param2}

</select>

<!-- 리뷰 인서트  -->
<insert id="insertReview">
	<selectKey keyProperty="customer_review_no" resultType="int" order ="BEFORE">
	
		SELECT CUSTOMER_REVIEW_SEQUENCE.nextval FROM DUAL
	
	</selectKey>
	
	INSERT INTO CUS_REVIEW 
	VALUES(#{customer_review_no} , #{write_date} , #{avg} , #{content} , #{tagnumber} , #{no} , #{writer} , #{booking_no})

</insert>

<!-- 리뷰 작성시 예약 상태 6번으로  -->
<update id="updateReviewReservation">

	UPDATE BOOKING
	SET STATUS = 6
	WHERE BOOKING_NO = #{booking_no}
	
</update>
 
 <!-- 예약 취소 했을때 status 3으로 바꾸는 쿼리 -->
 
 <update id = "updateCancelStatus" >
 
 	UPDATE BOOKING
 	SET STATUS = 4
 	WHERE BOOKING_NO = #{booking_no}
 
 </update>
 
 <!-- 결제완료시 payment 0에서 1로 바뀌는 쿼리  -->
 
 <update id="updatePayment">
 	
 	UPDATE BOOKING
 	SET PAYMENT = 1
 	WHERE BOOKING_NO = #{booking_no}
 
 </update>
 
 
 <!-- 결제완료시 status 8로 바뀌느느 쿼리 -->
 
 <update id="updateStatusbook">
 
 	UPDATE BOOKING
 	SET STATUS = 8,
 		PAY_DATE = SYSDATE
 	WHERE BOOKING_NO = #{booking_no}
 
 </update>
 
 <update id = "updateCancelReason" >
 
 	UPDATE BOOKING
 	SET CANCEL_CONTENT = #{cancelcontent , jdbcType = VARCHAR}
 	WHERE BOOKING_NO = #{booking_no}
 
 </update>

	
 

</mapper>