<?xml version="1.0" encoding="UTF-8"?>
<beans xmlns="http://www.springframework.org/schema/beans"
      xmlns:context="http://www.springframework.org/schema/context"
      xmlns:xsi="http://www.w3.org/2001/XMLSchema-instance"
      xmlns:tx="http://www.springframework.org/schema/tx"
      
       xsi:schemaLocation="http://www.springframework.org/schema/beans 
                           http://www.springframework.org/schema/beans/spring-beans.xsd
                           http://www.springframework.org/schema/context 
                           http://www.springframework.org/schema/context/spring-context.xsd
                           http://www.springframework.org/schema/tx
						   http://www.springframework.org/schema/tx/spring-tx.xsd">
                           


   

<!-- 공통 DB작업  -->
  <bean id="driverManagerDataSource" class="org.springframework.jdbc.datasource.DriverManagerDataSource">
    <property name="driverClassName" value="oracle.jdbc.driver.OracleDriver" />
    <property name="url" value="jdbc:oracle:thin:@175.209.163.14:1501:Xe" />
    <property name="username" value="PAUSEUSER" />
    <property name="password" value="1004" />
 </bean>
 <bean id="" class="org.springframework.jdbc.core.JdbcTemplate">
    <property name="dataSource"  ref="driverManagerDataSource"></property>
 </bean>


<!-- Mybatis 설정
기본 자바코드 : SqlMapConfig.xml 에서 설정했던 작업 (DB연결 ,mapper 설정)
파일 없어지고 설명파일안에서   > SqlSessionFactoryBean
기존 java 코드 : builder 사용 > Factory 객체 > sqlsession 생성 > 함수사용 

두개의 클래스가 위 작업 처리 
SqlSessionFactoryBean
SqlSessionTemplate
 -->
<bean id="sqlSessionFactoryBean"  class="org.mybatis.spring.SqlSessionFactoryBean">
    <property name="dataSource" ref="driverManagerDataSource"></property>
    <!-- <property name="mapperLocations" value="classpath*:*.mapper/*.xml" />  -->
     <property name="mapperLocations">
     	<list>
     		<value>classpath*:kr/or/pause/login/mapper/*xml</value>
     		<value>classpath*:kr/or/pause/host/mapper/*xml</value>
     		<value>classpath*:kr/or/pause/guest/mapper/*xml</value>
     		<value>classpath*:kr/or/pause/booking/mapper/*xml</value>
     	</list>
     </property>
  	
</bean> 

<bean id="sqlSession" class="org.mybatis.spring.SqlSessionTemplate">
  <constructor-arg index="0" ref="sqlSessionFactoryBean"/>
</bean>
<!-- Mybatis 설정  -->


 
 
 <!-- 공통 파일 업로드 -->
 <bean  id="multipartResolver"    class="org.springframework.web.multipart.commons.CommonsMultipartResolver">
      <property name="maxUploadSize"    value="10485760"></property>
      <property name="defaultEncoding"  value="UTF-8"></property>
</bean>   

 <!-- 공통 UI  -->
 <bean  id="internalResourceViewResolver"   class="org.springframework.web.servlet.view.InternalResourceViewResolver">
           <property name="prefix">
                 <value>/WEB-INF/views/</value>
           </property>
           <property name="suffix">
                 <value>.jsp</value>
           </property>
     </bean>
     
     <!-- 파일 업로드 경로  -->
<!--      <bean id="uploadpath" class ="java.lang.String">
     	<constructor-arg value ="/Users/daeeop/Desktop/bit2021/pause-workspace/.metadata/.plugins/org.eclipse.wst.server.core/tmp0/wtpwebapps/BIT196-FINALPROJECT/upload"
     	</constructor-arg>
     </bean> -->

<!-- 비밀번호 암호화 -->     
   <bean id="bCryptPasswordEncoder" class="org.springframework.security.crypto.bcrypt.BCryptPasswordEncoder">
      <!-- <constructor-arg name="strength" value="20"></constructor-arg> -->
   </bean>
   
   <!-- 메일 보내기 (SEND) -->
   <bean id="mailSender" class="org.springframework.mail.javamail.JavaMailSenderImpl">
      <property name="host" value="smtp.gmail.com" />
      <property name="port" value="587" />
      <property name="username" value="rlaeodjq681@gmail.com" />
      <property name="password" value="wlwlgus12!" />
    

      <!-- email 요청시는 SMTP -->
      <property name="javaMailProperties">
         <props>
            <prop key="mail.transport.protocol">smtp</prop>
            <prop key="mail.smtp.auth">true</prop>
            <prop key="mail.smtp.starttls.enable">true</prop>
            <prop key="mail.debug">true</prop>
         </props>
      </property>
   </bean>
   
   <bean id="velocityEngine"
   class="org.springframework.ui.velocity.VelocityEngineFactoryBean">
   <property name="velocityProperties">
  <value>
				resource.loader=class
				class.resource.loader.class=org.apache.velocity.runtime.resource.loader.ClasspathResourceLoader
			</value>
   </property>
   </bean>
   
   
   <!-- 트랜젝션 매니저 -->
	<bean id="transactionManager" class="org.springframework.jdbc.datasource.DataSourceTransactionManager">
		<property name="dataSource" ref="driverManagerDataSource"></property>
	</bean>
	
	<!-- @Transactional 애노테이션을 sacn하기 위한 설정 -->
	<tx:annotation-driven transaction-manager="transactionManager" />
      
</beans>