<?xml version="1.0" encoding="UTF-8" ?>
<!DOCTYPE mapper PUBLIC "-//mybatis.org//DTD Mapper 3.0//EN" "http://mybatis.org/dtd/mybatis-3-mapper.dtd">
<mapper namespace="kr.or.pause.booking.dao.BookingDao">

<select id="getBooking" resultType="kr.or.pause.dto.Booking">
SELECT * FROM v_host_booking_page_bo where host_no = #{host_no} ORDER BY booking_no DESC
</select>

<select id="getChart" resultType="kr.or.pause.dto.ChartData">
SELECT * FROM v_host_pay_by_month WHERE host_no = #{host_no}
</select>

<insert id="insertHost_review" parameterType="kr.or.pause.dto.Host_review">
INSERT INTO HOST_REVIEW (HOST_REVIEW_NO, WRITE_DATE, AVG, CONTENT, TAGNUMBER, BOOKING_NO) values(HOST_REVIEW_NO_SEQ.nextval, sysdate, ${avg}, '${content}', '${tagnumber}',${booking_no})
</insert>

<update id="updateHost_review" parameterType="kr.or.pause.dto.Host_review">
update BOOKING set STATUS =7 WHERE BOOKING_NO =${booking_no}
</update>


</mapper>